(1, Abate de animais, 400094
(2, Abertura de fechaduras de segurança, 450033
(3, Abrasão, 400001
(4, Abrigo de barcos, 390071
(5, Acabamentos para papel [tratamento], 400006
(6, Academias [educação], 410002
(7, Acetinagem de peles [peleteria], 400071
(8, Acolchoamento, 400092
(9, Acompanhamento de viajantes, 390002
(10, Acondicionamento de peles [peleteria], 400020
(11, Aconselhamento em questões de saúde, 440212
(12, Aconselhamento médico para indivíduos com deficiências, 440215
(13, Administração comercial do licenciamento de produtos e serviços de terceiros, 350096
(14, Administração de imóveis, 360032
(15, Administração de negócios de programas de reembolso para terceiros, 350124
(16, Administração de negócios na área esportiva, 350105
(17, Administração de programas de fidelidade de consumidores, 350131
(18, Administração de programas de viajantes frequentes, 350128
(19, Administração financeira, 360030
(20, Administração legal de licenças, 450223
(21, Administração predial, 360033
(22, Afiação de faca, 370106
(23, Afinação de instrumentos musicais, 370139
(24, Afretamento, 390039
(25, Agenciamento de artistas, 350079
(26, Agências de modelos para publicidade ou promoção de vendas, 350049
(27, Agências de notícias, 410103
(28, Alfaiataria, 400053
(29, Aluguel de acomodações temporárias, 430028
(30, Aluguel de aeronaves, 390102
(31, Aluguel de alarmes de incêndio, 450203
(32, Aluguel de aparelhos de ar condicionado, 400118
(33, Aluguel de aparelhos de cozimento, 430190
(34, Aluguel de aparelhos de fac-símile [fax], 380031
(35, Aluguel de aparelhos de rádio e televisão, 410025
(36, Aluguel de aparelhos de telefones, 380034
(37, Aluguel de aparelhos de transmissão de mensagens, 380029
(38, Aluguel de aparelhos para aquecimento de ambientes, 400119
(39, Aluguel de aparelhos para ar condicionado, 400118
(40, Aluguel de apartamentos, 360035
(41, Aluguel de aquecedores, 400123
(42, Aluguel de armazéns, 390035
(43, Aluguel de barcos, 390012
(44, Aluguel de barracas [tendas], 430189
(45, Aluguel de bombas de drenagem, 370134
(46, Aluguel de brinquedos, 410197
(47, Aluguel de buldôzeres, 370013
(48, Aluguel de cadeiras de rodas, 390092
(49, Aluguel de cadeiras, mesas, toalhas de mesa e artigos de vidro, 430186
(50, Aluguel de câmeras de vídeo, 410088
(51, Aluguel de cartazes/outdoors publicitários, 350125
(52, Aluguel de cavalos, 390019
(53, Aluguel de cenários para palco, 410032
(54, Aluguel de cenários para shows, 410013
(55, Aluguel de cofres, 450215
(56, Aluguel de computadores, 420083
(57, Aluguel de construções transportáveis *, 430160
(58, Aluguel de contêineres de armazenagem, 390080
(59, Aluguel de dispensadores de água potável, 430191
(60, Aluguel de equipamento de áudio, 410085
(61, Aluguel de equipamento de construção, 370020
(62, Aluguel de equipamento de jogos, 410198
(63, Aluguel de equipamento para mergulho, 410065
(64, Aluguel de equipamentos agrícolas, 440084
(65, Aluguel de equipamentos de iluminação*, 430192
(66, Aluguel de equipamentos de limpeza, 370090
(67, Aluguel de equipamentos de telecomunicação, 380033
(68, Aluguel de equipamentos desportivos [exceto veículos], 410066
(69, Aluguel de equipamentos para gravação de som, 410018
(70, Aluguel de equipamentos para iluminação de teatro ou estúdios de televisão, 410086
(71, Aluguel de escavadeiras, 370044
(72, Aluguel de escritórios [imóveis], 360069
(73, Aluguel de espaço publicitário, 350070
(74, Aluguel de estádios, 410067
(75, Aluguel de estande de vendas, 350109
(76, Aluguel de extintores de incêndio, 450204
(77, Aluguel de filmes cinematográficos, 410019
(78, Aluguel de fitas de vídeo, 410069
(79, Aluguel de freezers, 390099
(80, Aluguel de garagem, 390040
(81, Aluguel de geradores, 400104
(82, Aluguel de guindaste, 370120
(83, Aluguel de instalações sanitárias, 440188
(84, Aluguel de máquinas de lavar roupas, 370135
(85, Aluguel de máquinas de tricotar, 400112
(86, Aluguel de máquinas de venda automática, 350089
(87, Aluguel de máquinas e equipamentos de escritório *, 350013
(88, Aluguel de máquinas fotocopiadoras, 350083
(89, Aluguel de máquinas para varrer ruas, 370121
(90, Aluguel de material publicitário, 350035
(91, Aluguel de modems, 380032
(92, Aluguel de motores de aeronaves, 390105
(93, Aluguel de ônibus especiais, 390104
(94, Aluguel de porta-bagagem de teto, 390081
(95, Aluguel de quadras de tênis, 410087
(96, Aluguel de refrigeradores, 390043
(97, Aluguel de roupas, 450081
(98, Aluguel de roupas de mergulho, 390079
(99, Aluguel de salas de reunião, 430187
(100, Aluguel de sinos de imersão, 390078
(101, Aluguel de sistemas de navegação, 390107
(102, Aluguel de software de computador, 420159
(103, Aluguel de tempo de acesso à rede global de computadores, 380041
(104, Aluguel de tempo de publicidade em meios de comunicação, 350087
(105, Aluguel de trajes a rigor, 450046
(106, Aluguel de tratores, 390110
(107, Aluguel de trens, 390045
(108, Aluguel de vaga de garagem, 390042
(109, Aluguel de veículos, 390044
(110, Aluguel de videocassetes, 410068
(111, Análise da água, 420216
(112, Análise da escrita [grafologia], 420211
(113, Análise de custo, 350007
(114, Análise de sistemas [informática], 420177
(115, Análise financeira, 360046
(116, Análise para exploração de campos petrolíferos, 420008
(117, Análises químicas, 420007
(118, Aplainar [serraria], 400050
(119, Aplicação de aviamentos em têxteis, 400005
(120, Apresentação de espetáculos ao vivo, 410056
(121, Apresentação de espetáculos circenses, 410009
(122, Apresentação de espetáculos de variedades, 410027
(123, Apresentação de produtos em meios de comunicação para fins de comércio varejista, 350092
(124, Armazenagem, 390034
(125, Armazenagem de mercadorias, 390028
(126, Armazenagem física de dados ou documentos armazenados eletronicamente, 390094
(127, Armazenamento de informações, 390076
(128, Armazenamento eletrônico de dados, 420226
(129, Aromaterapia, 440193
(130, Asfaltamento, 370005
(131, Asilos para idosos, 430013
(132, Aspersão, aérea ou de superfície, de fertilizantes e outras substâncias químicas agrícolas, 440115
(133, Assentamento de tijolos, 370101
(134, Assessoria em gestão comercial ou industrial, 350025
(135, Assessoria em gestão de negócios, 350001
(136, Assessoria em gestão industrial ou comercial, 350025
(137, Assistência médica, 440087
(138, Assistência veterinária, 440111
(139, Atualização de material publicitário, 350027
(140, Atualização de software de computador, 420140
(141, Atualização e manutenção de dados em bancos de dados de computadores, 350117
(142, Auditoria de energia, 420218
(143, Auditoria em negócios, 350017
(144, Aulas de ginástica, 410021
(145, Aulas particulares, 410202
(146, Autenticação de obras de arte, 420132
(147, Avaliação da qualidade da lã, 420214
(148, Avaliação de antigüidades, 360051
(149, Avaliação de arte, 360052
(150, Avaliação de joias, 360061
(151, Avaliação de madeira em pé [para construção], 350010
(152, Avaliação de qualidade d madeira em pé, 420213
(153, Avaliação de qualidade de madeira em pé, 420213
(154, Avaliação filatélica, 360064
(155, Avaliação financeira [seguros, bancos, imóveis], 360026
(156, Avaliação financeira de lã, 360107
(157, Avaliação financeira de madeira em pé, 360105
(158, Avaliação imobiliária, 360014
(159, Avaliação numismática, 360062
(160, Avaliações de negócios, 350032
(161, Backup de dados off site, 420225
(162, Balanceamento de pneus, 370138
(163, BBS [serviços de telecomunicação], 380036
(164, Borrifação de nuvens, 420202
(165, Branqueamento de tecidos, 400008
(166, Brasagem, 400011
(167, Calandragem de tecidos, 400014
(168, Calibragem [medição], 420136
(169, Câmara de Compensação [bancário], 360021
(170, Captação de financiamento para projetos de construção, 360112
(171, Captação de fundos para caridade, 360015
(172, Captação de patrocínio, 350102
(173, Carregamento de bagagens, 390021
(174, Carregamento de baterias de veículos, 370137
(175, Casas de retiro, 430013
(176, Casas para turistas [alojamento], 430071
(177, Cirurgia de árvores, 440166
(178, Cirurgia plástica, 440156
(179, Coleta de bens recicláveis [transporte], 390111
(180, Colocação de papel de parede, 370064
(181, Colônia de férias, 410055
(182, Colônia de férias [alojamento], 430145
(183, Coloração de vidros de janelas por meio de revestimento da superfície, 400065
(184, Combate ao fogo, 450179
(185, Comerciais de rádio, 350040
(186, Comerciais de televisão, 350044
(187, Comércio, no atacado ou varejo, de preparações sanitárias, farmacêuticas ou veterinárias e suprimentos médicos, 350108
(188, Comparação de Preços, 350091
(189, Compensação [bancário], 360021
(190, Compilação de informação em bancos de dados de computador, 350080
(191, Compilação de informação para bancos de dados de computador, 350080
(192, Compilações de estatísticas, 350100
(193, Composição de canções, 410204
(194, Computação em nuvem, 420229
(195, Comunicação por rádio, 380052
(196, Comunicação por redes de fibra óptica, 380030
(197, Comunicação por telefone celular, 380022
(198, Comunicação por terminais de computador, 380023
(199, Comunicações por telefone, 380010
(200, Comunicações por telegramas, 380008
(201, Condução de cerimônias fúnebres, 450229
(202, Condução de visitas guiadas, 410206
(203, Confecção de horóscopos [mapa astral], 450146
(204, Confecção de roupas, 400012
(205, Congelamento de alimentos, 400117
(206, Conserto de bomba, 370073
(207, Conserto de estofamento, 370017
(208, Conserto de roupas, 370032
(209, Conserto de sapatos, 370025
(210, Conservação de alimentos e bebidas, 400066
(211, Conservação, limpeza e conserto de peles [de animais], 370048
(212, Construção *, 370029
(213, Construção de fábricas, 370052
(214, Construção de portos, 370074
(215, Construção de quebra-mar, 370061
(216, Construção e manutenção de oleoduto, 370063
(217, Construção e reparos de armazém, 370041
(218, Construção naval, 370021
(219, Construção subaquática, 370030
(220, Consultoria astrológica, 450224
(221, Consultoria em arquitetura, 420036
(222, Consultoria em design de websites, 420219
(223, Consultoria em design e desenvolvimento de hardware de computador, 420141
(224, Consultoria em farmacêutica, 440154
(225, Consultoria em gestão de negócios, 350048
(226, Consultoria em gestão de negócios, 350020
(227, Consultoria em gestão de pessoal, 350019
(228, Consultoria em gestão e organização de negócios, 350018
(229, Consultoria em hardware de computador, 420141
(230, Consultoria em organização de negócios, 350036
(231, Consultoria em propriedade intelectual, 450206
(232, Consultoria em segurança, 450117
(233, Consultoria em segurança de computadores, 420235
(234, Consultoria em seguros, 360055
(235, Consultoria em tecnologia da computação, 420232
(236, Consultoria em tecnologia da informação, 420221
(237, Consultoria em tecnologia das telecomunicações, 420233
(238, Consultoria espiritual, 450225
(239, Consultoria financeira, 360054
(240, Consultoria fiscal, 360025
(241, Consultoria na área de construção civil, 370131
(242, Consultoria na área de economia de energia, 420207
(243, Consultoria profissional em negócios, 350062
(244, Consultoria tecnológica, 420231
(245, Contabilidade, 350015
(246, Controle de qualidade, 420157
(247, Conversão de dados e documentos de suporte físico para suporte eletrônico, 420198
(248, Conversão de dados e programas de computador [exceto conversão física], 420203
(249, Copiagem de chaves, 400108
(250, Corretagem *, 360005
(251, Corretagem de ações e títulos, 360116
(252, Corretagem de seguros, 360010
(253, Corretagem de transporte, 390073
(254, Corretagem de valores, 360043
(255, Corretagem imobiliária, 360008
(256, Corretagem marítima, 390023
(257, Corte de tecidos, 400021
(258, Cotações de bolsa de valores, 360067
(259, Cozimento de cerâmica, 400015
(260, Criação de animais, 440009
(261, Criação e manutenção de web sites para terceiros, 420199
(262, Cromagem, 400017
(263, Cronometragem de eventos desportivos, 410073
(264, Cuidados paliativos, 440218
(265, Cursos por correspondência, 410011
(266, Curtimento, 400054
(267, Dama de companhia, 450002
(268, Debruar roupas, 400010
(269, Decapagem, 400095
(270, Decoração de interiores, 420048
(271, Decoração de vitrines, 350046
(272, Defumação de alimentos, 400033
(273, Demolição de edificações, 370036
(274, Demonstração de produtos, 350023
(275, Depilação com cera, 440213
(276, Depósito, 390034
(277, Depósitos de objetos de valor, 360066
(278, Derrubada e processamento de madeira, 400067
(279, Descarregamento [carga], 390026
(280, Descontaminação de materiais perigosos, 400109
(281, Desconto de títulos [factoring], 360027
(282, Desencalhe de navios, 390055
(283, Desenhista de moda, 420142
(284, Desenho de plantas para construção, 420038
(285, Desenho industrial, 420049
(286, Design de interiores, 420237
(287, Design de material publicitário, 350121
(288, Desinfecção, 370038
(289, Desodorizar o ar, 400081
(290, Desratização, 370076
(291, Destruição de ervas daninhas, 440171
(292, Destruição de lixo e resíduos, 400105
(293, Devolução de objetos perdidos, 450200
(294, Digitação, 350022
(295, Digitalização de documentos [scanning], 420210
(296, Distribuição de água, 390030
(297, Distribuição de amostras, 350028
(298, Distribuição de eletricidade, 390031
(299, Distribuição de energia, 390090
(300, Distribuição de material publicitário, 350008
(301, Douração, 400024
(302, Dublagem, 410079
(303, Duplicação de programas de computador, 420197
(304, Edição de videoteipe, 410090
(305, Editoração eletrônica, 410092
(306, Educação física, 410012
(307, Educação religiosa, 410080
(308, Elaboração [concepção] de software de computador, 420139
(309, Elaboração de roteiros [roteirização], 410205
(310, Elaboração de textos técnicos, 420236
(311, Elaboração de currículos para terceiros, 350126
(312, Embalagem de mercadorias, 390086
(313, Embalagem de pacotes, 390022
(314, Embalagem de presentes, 390109
(315, Embalsamamento, 450220
(316, Emissão de cartões de crédito, 360068
(317, Emissão de cheques de viagem, 360020
(318, Emissão de títulos de valor, 360065
(319, Empréstimos [financiamento], 360024
(320, Empréstimos a prazo, 360002
(321, Empréstimos de livros [biblioteca], 410023
(322, Encadernação, 400049
(323, Enfermagem [médica], 440153
(324, Engenharia, 420064
(325, Ensino em escolas em regime de internato, 410075
(326, Entrega de flores, 390096
(327, Entrega de jornais, 390088
(328, Entrega de mensagens, 390087
(329, Entrega de mercadorias, 390027
(330, Entrega de mercadorias por catálogo, 390089
(331, Entrega de pacotes, 390020
(332, Envernizamento, 370086
(333, Escolas de enfermagem, 410058
(334, Escrita de cartas pessoais, 450228
(335, Escultura em alimentos, 430193
(336, Esmerilhamento, 400041
(337, Especialistas em eficiência de negócios, 350029
(338, Estacionamento de carros, 390033
(339, Estanhagem, 400027
(340, Estilismo [desenho industrial], 420165
(341, Estilista, 420142
(342, Estivagem, 390093
(343, Estofamento de móveis, 370067
(344, Estudos de marketing, 350031
(345, Estudos para projetos técnicos, 420061
(346, Exames pedagógicos [avaliação], 410049
(347, Expedição de frete, 390060
(348, Experimentos clínicos, 420224
(349, Explorações subaquáticas, 420167
(350, Exterminação de animais nocivos exceto para agricultura, 370091
(351, Exterminação de animais nocivos, exceto para agricultura, 370091
(352, "Extermínio de animais nocivos [para agricultura, horticultura e
(silvicultura]", 440168
(353, Extração de pedras [pedreira], 370108
(354, Extração de suco de frutas, 400032
(355, Extração mineral, 370107
(356, Fabricação de coroas [funerárias], 440037
(357, Faturamento, 350098
(358, Fertilização in vitro, 440196
(359, Fianças [garantias], 360018
(360, Filmagem em vídeo, 410106
(361, Financiamento de leasing, 360042
(362, Fisioterapia, 440097
(363, Folheamento a ouro, 400085
(364, Fornecimento de acesso a banco de dados, 380044
(365, Fornecimento de água, 390003
(366, Fornecimento de conexões de telecomunicações para uma rede mundial de computadores, 380037
(367, Fornecimento de fóruns online, 380050
(368, fornecimento de descontos a estabelecimentos de terceiros através do uso de cartão de associado, 360117
(369, Fornecimento de informações sobre contatos comerciais e de negócios, 350110
(370, Fornecimento de mecanismos de busca para a internet, 420209
(371, Fornecimento de orientação de rotas para viagens, 390108
(372, Fotografia, 410101
(373, Fotogravura [serviço], 400090
(374, Franqueamento de correspondência, 390097
(375, Fresagem, 400031
(376, Frete [transporte de mercadorias], 390038
(377, Fundição de metal, 400100
(378, Fundos de investimentos, 360115
(379, Fundos de pensão [aposentadoria], 360070
(380, Fundos mútuos, 360016
(381, Galvanização, 400034
(382, Galvanoplastia, 400026
(383, Garantias [fianças], 360018
(384, Gestão administrativa terceirizada para empresas, 350122
(385, Gestão computadorizada de arquivos, 350061
(386, Gestão de direitos autorais, 450207
(387, Gestão de negócios para provedores de serviços freelance, 350115
(388, Gestão financeira de pagamento de reembolsos para terceiros, 360114
(389, Gravação [entalhe], 400035
(390, Guarda-costas [segurança], 450001
(391, Guarda-livro [contabilidade], 350015
(392, Guardas [vigilância, segurança], 450099
(393, Horticultura, 440072
(394, Hospedagem de servidores, 420223
(395, Hospedagem de web sites, 420200
(396, Ignifugação de tecidos, 400037
(397, Ignifugação de têxteis, 400037
(398, Impermeabilização de edificações, 370042
(399, Impermeabilização de tecidos, 400036
(400, Implante de cabelos, 440180
(401, Impressão, 400111
(402, Impressão de estampas, 400022
(403, Impressão fotográfica, 400089
(404, Impressão litográfica, 400110
(405, Impressão ofsete, 400113
(406, Incineração de lixo e resíduos, 400106
(407, Indexação na web para fins comerciais ou publicitários, 350127
(408, Informação comercial e aconselhamento a consumidores, 350093
(409, Informação sobre construção, 370104
(410, Informação sobre processamento de materiais, 400087
(411, Informação sobre reparos, 370105
(412, Informação sobre tráfego, 390098
(413, Informação sobre tratamento de materiais, 400087
(414, Informações de negócios, 350065
(415, Informações financeiras, 360059
(416, Informações meteorológicas, 420076
(417, Informações sobre educação [instrução], 410048
(418, Informações sobre entretenimento [lazer], 410050
(419, Informações sobre recreação, 410064
(420, Informações sobre seguros, 360060
(421, Informações sobre telecomunicação, 380027
(422, Informações sobre telecomunicações, 380027
(423, Informações sobre transportes, 390077
(424, Inseminação artificial, 440194
(425, Inspeção de fábricas para fins de segurança, 450202
(426, Instalação de cabos, 370140
(427, Instalação de equipamentos de cozinha, 370035
(428, Instalação de portas e janelas, 370128
(429, Instalação de software de computador, 420201
(430, Instalação e reparo de alarme antifurto, 370016
(431, Instalação e reparo de alarmes de incêndio, 370015
(432, Instalação e reparo de aparelhos de ar-condicionado, 370028
(433, Instalação e reparo de aparelhos elétricos, 370003
(434, Instalação e reparo de dispositivos de irrigação, 370053
(435, Instalação e reparo de elevadores, 370004
(436, Instalação e reparo de equipamentos de aquecimento, 370024
(437, Instalação e reparo de equipamentos de refrigeração, 370078
(438, Instalação e reparo de fornos, 370047
(439, Instalação e reparo telefones, 370084
(440, Instalação, manutenção e reparo de computadores, 370116
(441, Instalação, manutenção e reparo de máquinas, 370058
(442, Instalação, manutenção e reparo de máquinas e equipamentos de escritório, 370014
(443, Intermediação de créditos de carbono, 360104
(444, Interpretação de linguagem de sinais, 410105
(445, Investigações de pessoas desaparecidas, 450053
(446, Investimentos de capital [finanças], 360017
(447, Jardinagem, 440077
(448, Jardinagem paisagística, 440012
(449, Laminação, 400040
(450, Lançamento de satélite para terceiros, 390095
(451, Lavagem, 370057
(452, Lavagem a seco, 370103
(453, Lavagem de fraldas, 370102
(454, Lavagem de roupa, 370010
(455, Lavagem de roupa, 370056
(456, Lavagem de veículos, 370055
(457, Legendagem, 410093
(458, Leilões, 350030
(459, Levantamento de informações de negócios, 350033
(460, Levantamentos de informações de negócios, 350002
(461, Levantamentos de informações de negócios, 350033
(462, Levantamentos em campos petrolíferos, 420063
(463, Levantamentos geodésicos, 420193
(464, Levantamentos geológicos, 420062
(465, Levantamentos topográficos, 420079
(466, Licenciamento de programa de computador [serviços jurídicos], 450212
(467, Licenciamento de propriedade intelectual, 450208
(468, Limpeza de chaminé, 370026
(469, Limpeza de fachada de edificações, 370112
(470, Limpeza de fachada de edificações, 370112
(471, Limpeza de interiores de edifícios, 370009
(472, Limpeza de janelas, 370045
(473, Limpeza de roupas, 370050
(474, Limpeza de rua, 370124
(475, Limpeza de veículo, 370087
(476, Limpeza e reparo de caldeira, 370011
(477, Lixamento [areamento], 370110
(478, Locação de automóveis, 390008
(479, Locação de caminhões, 390046
(480, Locação de carros de corrida, 390091
(481, Locação de equipamentos médicos, 440208
(482, Locação de espaços para prática de esporte, 410190
(483, Locação de fazendas, 360036
(484, Locação de imóveis, 360004
(485, Lubrificação de veículos, 370049
(486, Lustração de peles [peleteria], 400070
(487, Magnetização, 400004
(488, Manicure, 440151
(489, Manutenção de aparelhos fotográficos, 370002
(490, Manutenção de gramados, 440148
(491, Manutenção de mobiliário, 370001
(492, Manutenção de piscinas, 370129
(493, Manutenção de software de computador, 420176
(494, Manutenção de veículos, 370085
(495, Manutenção e reparo de aeronaves, 370008
(496, Manutenção e reparo de automóveis, 370006
(497, Manutenção e reparo de caixas-fortes, 370018
(498, Manutenção e reparo de cofre, 370027
(499, Manutenção e reparo de queimadores, 370012
(500, Marketing, 350106
(501, Massagem, 440086
(502, Mediação, 450201
(503, Metalizar, 400018
(504, Microfilmagem, 410182
(505, Mineração, 370107
(506, Moagem de farinha, 400044
(507, Moagem farinha, 400044
(508, Modelagem de peles sob encomenda [peleteria], 400028
(509, Molduragem de obras de arte, 400084
(510, Monitoramento de sistemas de computadores por acesso remoto, 420215
(511, Monitorização de alarmes anti-roubo e de segurança, 450194
(512, Montagem de andaimes, 370093
(513, Montagem de estandes de feira de exposições e lojas, 370115
(514, Montagem de materiais sob encomenda [para terceiros], 400083
(515, Negociação e conclusão de transações comerciais para terceiros, 350116
(516, Negócios de gestão hoteleira, 350078
(517, Niquelagem, 400045
(518, Operação de loterias, 410081
(519, Operação de portas de eclusas, 390032
(520, Operações bancárias de hipoteca, 360040
(521, Operações de câmbio, 360019
(522, Operações de resgate, 390082
(523, Orçamento [avaliação financeira], 360103
(524, Organização de bailes, 410082
(525, Organização de competições [educação ou entretenimento], 410010
(526, Organização de competições desportivas, 410059
(527, Organização de concursos de beleza, 410077
(528, Organização de cruzeiros [viagens], 390024
(529, Organização de desfiles de moda para fins de entretenimento, 410188
(530, Organização de encontros religiosos, 450184
(531, Organização de espetáculos [shows] [serviços de empresário], 410083
(532, Organização de eventos de moda para fins promocionais, 350103
(533, Organização de excursões, 390050
(534, Organização de exposições para fins comerciais ou publicitários, 350064
(535, Organização de exposições para fins culturais ou educativos, 410051
(536, Organização de feiras para fins comerciais ou publicitários, 350082
(537, Organização e apresentação de colóquios, 410044
(538, Organização e apresentação de conferências, 410045
(539, Organização e apresentação de congressos, 410046
(540, Organização e apresentação de oficinas de trabalho [treinamento], 410076
(541, Organização e apresentação de seminários, 410070
(542, Organização e apresentação de simpósios, 410072
(543, Organização e e condução de fóruns educacionais presenciais, 410203
(544, Organização e regência de concertos, 410186
(545, Organização e regência de concertos, 410185
(546, Orientação [Treinamento], 410189
(547, Orientação vocacional, 410102
(548, Otimização de tráfego de website, 350112
(549, Otimização de ferramenta de busca para fins de promoção de vendas, 350111
(550, Parteira, 440152
(551, Passar roupa a ferro, 370079
(552, Passar roupa a vapor, 370062
(553, Patrocínio financeiro, 360071
(554, Pavimentação de rua, 370109
(555, Pensão para animais, 430134
(556, Perfumar o ar, 400082
(557, Perfuração de poços, 370114
(558, Perfuração de poços profundos de petróleo ou de gás., 370133
(559, Pesquisa bacteriológica, 420017
(560, Pesquisa biológica, 420190
(561, Pesquisa científica, 420222
(562, Pesquisa de dados em arquivos de computador [para terceiros], 350086
(563, Pesquisa de marketing, 350051
(564, Pesquisa e desenvolvimento, para terceiros, de novos produtos, 420161
(565, Pesquisa em física, 420096
(566, Pesquisa em negócios, 350041
(567, Pesquisa genealógica, 450216
(568, Pesquisa no campo de proteção ambiental, 420208
(569, Pesquisas de opinião, 350066
(570, Pesquisas em cosmética, 420045
(571, Pesquisas em mecânica, 420101
(572, Pesquisas geológicas, 420119
(573, Pesquisas jurídicas, 450210
(574, Pesquisas químicas, 420031
(575, Pesquisas técnicas, 420040
(576, Piercing, 440216
(577, Pilotagem, 390052
(578, Pintura ou reparo de letreiros, 370040
(579, Pintura para calçados, 400016
(580, Pintura, de interior e de exterior, 370068
(581, Pisoamento de tecidos, 400120
(582, Planejamento de festas, 410060
(583, Planejamento e organização de cerimônias de casamento, 450217
(584, Planejamento urbano, 420192
(585, Plantação de árvores com a finalidade de compensação de carbono, 440206
(586, Polimento, 370069
(587, Polimento de veículo, 370072
(588, Polimento de vidro óptico, 400088
(589, Polimento por abrasão, 400048
(590, Prateação [revestimento com prata], 400007
(591, Pré-encolhimento de tecidos, 400069
(592, Preparação de declarações de impostos, 350073
(593, Preparação de folha de pagamento, 350067
(594, Previsão do tempo, 420234
(595, Previsões econômicas, 350063
(596, Previsões meteorológicas, 420076
(597, Processamento administrativo de pedidos de compra, 350095
(598, Processamento de filmes cinematográficos, 400002
(599, Processamento de óleo, 400091
(600, Processamento de pagamento de cartão de crédito, 360056
(601, Processamento de pagamento de cartão de debito, 360057
(602, Processamento de texto, 350075
(603, Produção de energia, 400103
(604, Produção de filmes publicitários, 350104
(605, Produção de filmes, exceto para fins de publicidade, 410020
(606, Produção de programas de rádio e televisão, 410026
(607, Produção de programas de televisão e rádio, 410026
(608, Produção de shows, 410030
(609, Produção musical, 410196
(610, Produções teatrais, 410029
(611, Programação de computador [informática], 420090
(612, Programas de entretenimento de rádio, 410015
(613, Programas de entretenimento de televisão, 410031
(614, Projeto de sistema de computadores, 420194
(615, Promoção de vendas [para terceiros], 350071
(616, Propaganda, 350039
(617, Prospecção de petróleo, 420095
(618, Prospecções geológicas, 420118
(619, Provedores de serviços terceirizados na área de tecnologia da informação, 420230
(620, Provimento de acesso à rede global de computadores, 380040
(621, Provimento de acomodações em acampamento, 430026
(622, Provimento de canais de telecomunicação para serviços de telecompras, 380042
(623, Provimento de informação sobre tecnologia e programação de computadores através de um website, 420227
(624, Provimento de informações financeiras através de uma website, 360113
(625, Provimento de informações sobre negócios através de um website, 350119
(626, Provimento de instalações desportivas, 410035
(627, Provimento de instalações para cassino [jogos de azar], 410042
(628, Provimento de instalações para golfe, 410053
(629, Provimento de instalações para museus [apresentações e exposições], 410062
(630, Provimento de instalações para recreação, 410014
(631, Provimento de instalações para salas de cinema, 410057
(632, Provimento de mercado online para compradores e vendedores produtos e serviços, 350120
(633, Provimento de música online, não baixável, 410200
(634, Provimento de salas de bate-papo, 380043
(635, Provimento de serviços para jogos eletrônicos, 410084
(636, Provimento de serviços para jogos on-line [computadores], 410094
(637, Provimento de vídeos online, não baixáveis, 410201
(638, Provimento de canais de telecomunicação, para serviços de telecompras, 380042
(639, Provimento de publicações eletrônicas on-line [não downloadable], 410099
(640, Provisão de informação científica, aconselhamento e consultoria na área de compensação de carbonos., 420212
(641, Publicação de livros, 410024
(642, Publicação de textos [exceto para publicidade], 410016
(643, Publicação de textos publicitários, 350038
(644, Publicação on-line de livros e periódicos eletrônicos, 410091
(645, Publicidade, 350039
(646, Publicidade de rádio, 350040
(647, Publicidade de televisão, 350044
(648, Publicidade externa [letreiros, outdoors], 350003
(649, Publicidade on-line em rede de computadores, 350084
(650, Publicidade pay-per-click, 350113
(651, Publicidade por catálogos de vendas, 350077
(652, Publicidade por mala direta, 350024
(653, Purificação de ar, 400003
(654, Quebra-gelo, 390013
(655, Quiroprática, 440032
(656, Radiodifusão, 380003
(657, Rastreamento de bens roubados, 450222
(658, Reabilitação de toxicomaníacos, 440195
(659, Rebitagem, 370081
(660, Reboque, 390054
(661, Recarga de cartuchos de toner, 370130
(662, Recauchutagem de pneus, 370077
(663, Reciclagem de lixo e resíduos, 400068
(664, Reciclagem de resíduos e lixo, 400068
(665, Reciclagem profissional, 410195
(666, Recondicionamento de máquinas desgastadas ou parcialmente destruídas, 370119
(667, Recondicionamento de motores desgastados ou parcialmente destruídos, 370118
(668, Recrutamento de pessoal, 350068
(669, Recuperação de dados [informática], 420175
(670, Redação de roteiros para fins publicitários, 350132
(671, Redação de textos publicitários, 350099
(672, Redação de textos, exceto publicitários*, 410184
(673, Reestanhagem, 370080
(674, Reforma de roupas, 370022
(675, Reforma de roupas, 400098
(676, Registro de nomes de domínio [serviços jurídicos], 450213
(677, Relações públicas, 350042
(678, Reparo de fechaduras de segurança, 370125
(679, Reparo de guarda-chuvas, 370065
(680, Reparo de guarda-sol, 370066
(681, Reparo de linhas de transmissão de energia, 370136
(682, Reparo e manutenção de projetor de filmes, 370046
(683, Reparos de relógios, 370051
(684, Reparos subaquáticos, 370111
(685, Reportagens fotográficas, 410100
(686, Reprodução de documentos, 350026
(687, Reserva de assentos para viagem, 390056
(688, Reservas de acomodações temporárias, 430162
(689, Reservas de lugares para shows, 410078
(690, Reservas em hotéis, 430105
(691, Reservas em pensões [alojamento], 430104
(692, Reservas para transporte, 390083
(693, Reservas para viagens, 390084
(694, Restauração de instrumentos musicais, 370127
(695, Restauração de mobiliário, 370060
(696, Revelação de filme fotográfico, 400023
(697, Revestimento com cádmio, 400013
(698, Salvamento [naufrágio], 390057
(699, Salvamento de navios, 390015
(700, Salvamento subaquático, 390085
(701, Segurança pessoal, 450001
(702, Seguro contra acidentes, 360001
(703, Seguros, 360012
(704, Seguros contra incêndio, 360034
(705, Seguros de saúde, 360038
(706, Seguros de vida, 360044
(707, Seguros marítimos, 360039
(708, Selaria [seleiro], 400051
(709, Serigrafia, 400115
(710, Serragem [serraria], 400052
(711, Serviço de acompanhantes, 450002
(712, Serviço de consultoria de estilo, 450227
(713, Serviço de bufê, 430010
(714, Serviço de declaração de impostos, 350123
(715, Serviço de fabricação de neve artificial, 370123
(716, Serviço de monitoramento de direitos de propriedade intelectual para fins de aconselhamento jurídico, 450209
(717, Serviço de ortofonia [articulação correta das palavras], 440211
(718, Serviço de reparo de panes em veículos, 370089
(719, Serviço de tatuagem, 440197
(720, Serviços atuariais, 360003
(721, Serviços bancários, 360013
(722, Serviços bancários de acesso remoto [online banking], 360072
(723, Serviços bancários de poupança, 360041
(724, Serviços científicos de laboratório, 420217
(725, Serviços de abrigos para doentes e desamparados, 440147
(726, Serviços de acampamentos desportivos, 410071
(727, Serviços de acomodação, em casas, para turistas, 430071
(728, Serviços de agência de adoção, 450193
(729, Serviços de agenciamento de ingressos, 410183
(730, Serviços de agências de acomodações [hotéis, pensões], 430004
(731, Serviços de agências de cobranças de dívidas, 360009
(732, Serviços de agências de crédito, 360006
(733, Serviços de agências de detetives, 450003
(734, Serviços de agências de emprego, 350012
(735, Serviços de agências de informação comercial, 350006
(736, Serviços de agências de importação-exportação, 350005
(737, Serviços de agências de notícias, 380012
(738, Serviços de agências de propaganda, 350047
(739, Serviços de agências de publicidade, 350047
(740, Serviços de agências imobiliárias, 360007
(741, Serviços de agências imobiliárias de locação de apartamentos, 360045
(742, Serviços de agências matrimoniais, 450112
(743, Serviços de agente funerário, 450057
(744, Serviços de aluguel de projetores e acessórios cinematográficos, 410006
(745, Serviços de alvenaria, 370059
(746, Serviços de aquacultura, 440207
(747, Serviços de arbitragem, 450205
(748, Serviços de arquitetura, 420011
(749, Serviços de arranjo de flores, 440143
(750, Serviços de asilos para idosos, 440013
(751, Serviços de bancos de sangue, 440133
(752, Serviços de banhos públicos para fins higiênicos, 440018
(753, Serviços de banhos turcos, 440019
(754, Serviços de bar, 430138
(755, Serviços de boates [entretenimento], 410098
(756, Serviços de bibliotecas itinerantes, 410041
(757, Serviços de bordar, 400063
(758, Serviços de cabeleireiro, 440043
(759, Serviços de cafés [bares], 430024
(760, Serviços de cafeteria, 430025
(761, Serviços de cantinas, 430027
(762, Serviços de caixa postal de voz [secretária eletrônica], 350074
(763, Serviços de caldeireiro, 400099
(764, Serviços de carpintaria, 370132
(765, Serviços de cartografia, 420228
(766, Serviços de cartomancia, 450226
(767, Serviços de casas de repouso, 440219
(768, Serviços de centros médicos, 440209
(769, Serviços de chofer, 390074
(770, Serviços de clínicas de convalescença, 440043
(771, Serviços de clínica de repouso, 440114
(772, Serviços de clínica médica, 440021
(773, Serviços de clipping, 350088
(774, Serviços de clubes [lazer ou educação], 410043
(775, Serviços de cobertura de telhado, 370122
(776, Serviços de cobrança, 360023
(777, Serviços de cobrança de aluguel, 360063
(778, Serviços de composição musical, 410097
(779, Serviços de compras para terceiros [compra de produtos e serviços para outras empresas], 350085
(780, Serviços de consultoria fiscal [valoração], 360025
(781, Serviços de correio de voz, 380045
(782, Serviços de corretagem de ações, 360110
(783, Serviços de creches [berçários], 430098
(784, Serviços de cremação, 450047
(785, Serviços de criação em artes gráficas, 420144
(786, Serviços de crioconservação, 400121
(787, Serviços de depósito em cofres bancários, 360022
(788, Serviços de desenho de embalagens, 420050
(789, Serviços de despachantes de frete, 390072
(790, Serviços de difusão sem fio [telecomunicações], 380048
(791, Serviços de divertimento, 410004
(792, Serviços de discoteca, 410047
(793, Serviços de enterros [funerais], 450056
(794, Serviços de entretenimento, 410004
(795, Serviços de DJ, 410191
(796, Serviços de educação, 410017
(797, Serviços de empréstimo com garantia de ações, 360108
(798, Serviços de empréstimo de livos por bibliotecas, 410023
(799, Serviços de encanamento, 370071
(800, Serviços de encontros, 450005
(801, Serviços de engarrafamento, 390100
(802, Serviços de ensino, 410017
(803, serviços de escolas [educação], 410199
(804, Serviços de espetáculos, 410007
(805, Serviços de estúdios de cinema, 410008
(806, Serviços de estúdios de gravação, 410063
(807, Serviços de fabricação de neve artificial, 370123
(808, Serviços de farmacêuticos para preparação de receitas, 440204
(809, Serviços de ferreiro, 400029
(810, Serviços de financiamento, 360029
(811, Serviços de fotocomposição, 400114
(812, Serviços de fotocópias, 350009
(813, Serviços de fundos de previdência, 360109
(814, serviços de garantias [fianças], 360018
(815, Serviços de gestão de negócios para projetos de construção, 350118
(816, Serviços de guarda [vigilância, segurança], 450099
(817, Serviços de guarda noturna, 450006
(818, Serviços de hotéis, 430073
(819, Serviços de impressão de extratos de contas, 350016
(820, Serviços de instrução, 410017
(821, Serviços de instrução de aulas de atividade física, 410194
(822, Serviços de intermediação comercial, 350114
(823, Serviços de intérprete [idiomas], 410192
(824, Serviços de isolamento para edificações, 370054
(825, Serviços de jardins zoológicos, 410033
(826, Serviços de jateamento abrasivo, 400122
(827, Serviços de karaokê, 410095
(828, Serviços de jogos de azar, 410052
(829, Serviços de lanchonetes, 430108
(830, Serviços de layout para fins publicitários, 350101
(831, Serviços de layout, exceto para fins publicitários, 410187
(832, Serviços de lembrete de compromissos [funções de escritório], 350130
(833, Serviços de liquidação financeira, 360073
(834, Serviços de logística em matéria de transporte, 390101
(835, Serviços de marcação de compromissos [funções de escritório], 350129
(836, Serviços de medicina alternativa, 440210
(837, Serviços de mensageiros [mensagens ou mercadorias], 390075
(838, Serviços de modelos vivos para artistas, 410036
(839, Serviços de motéis, 430183
(840, Serviços de notificação de débitos, 360111
(841, Serviços de oculista, 440092
(842, Serviços de odontologia, 440113
(843, Serviços de orquestra, 410028
(844, Serviços de pagamento de fiança, 360118
(845, Serviços de parques de diversão, 410003
(846, Serviços de peleteria, 400047
(847, Serviços de penhor, 360031
(848, Serviços de pensão, 430066
(849, Serviços de personal trainer [Serviços de academia de ginástica], 410193
(850, Serviços de postos de gasolina, 370083
(851, Serviços de preparação de documentos jurídicos, 450221
(852, Serviços de psicólogos, 
(853, Serviços de química, 420030
(854, Serviços de realocação para empresas, 350069
(855, Serviços de reboco, 370070
(856, Serviços de reboque de veículos em pane, 390007
(857, Serviços de redes sociais online, 450218
(858, Serviços de refino, 400093
(859, Serviços de reflorestamento, 440217
(860, Serviços de remoção, 390065
(861, Serviços de restaurantes, 430102
(862, Serviços de restaurantes de auto-serviço, 430107
(863, Serviços de roteamento e junção de telecomunicações, 380038
(864, Serviços de roteirização, exceto para fins publicitários, 410089
(865, Serviços de salões de beleza, 440020
(866, Serviços de sanatórios, 440106
(867, Serviços de saúde, 440060
(868, Serviços de saúde em spa, 440202
(869, Serviços de sauna, 440200
(870, Serviços de secretária eletrônica [caixa postal de voz], 350074
(871, Serviços de secretariado, 350072
(872, Serviços de separação de cores, 400107
(873, Serviços de solário, 440201
(874, Serviços de telechamadas [rádio, telefone ou outros meios de comunicação eletrônica], 380028
(875, Serviços de teleconferência, 380039
(876, Serviços de telefonia, 380009
(877, Serviços de telegrafia, 380007
(878, Serviços de telemarketing, 350107
(879, Serviços de telex, 380011
(880, Serviços de terapia, 440205
(881, Serviços de tinturaria, 400056
(882, Serviços de transporte por barcaça, 390016
(883, Serviços de videoconferência, 380049
(884, Serviços de vigilância noturna, 450006
(885, Serviços de visagistas, 440203
(886, Serviços de transporte para visitas turísticas, 390025
(887, Serviços de viveiros de plantas, 440094
(888, Serviços de academia de ginástica [treinamento físico e para a saúde], 410054
(889, Serviços extrajudiciais de resolução de disputas, 450214
(890, Serviços fiduciários, 360028
(891, Serviços financeiros de agências alfandegárias, 360011
(892, Serviços hospitalares, 440059
(893, Serviços jurídicos, 450211
(894, Serviços ortodônticos, 440214
(895, Serviços técnicos de odontologia, 400102
(896, Sistematização de informações em bancos de dados de computador, 350081
(897, Software como serviço [SaaS], 420220
(898, Soldagem, 400125
(899, Soltura de pombos para ocasiões especiais, 450219
(900, Sopramento de vidro, 400062
(901, Streaming [distribuição de dados], 380051
(902, Supervisão de trabalhos de construção civil, 370031
(903, Supressão de interferência em aparelhos elétricos, 370117
(904, Taquigrafia, 350043
(905, Taxidermia, 400055
(906, Teledifusão, 380005
(907, Teledifusão por cabo, 380021
(908, Temperamento de metal, 400043
(909, Terceirização [assistência empresarial], 350097
(910, Teste de materiais, 420058
(911, Teste de têxteis, 420109
(912, Testes em poços de petróleo, 420042
(913, Testes psicológicos, para seleção de pessoal, 350090
(914, Tingimento de couro, 400019
(915, Tingimento de tecidos, 400060
(916, Tingimento de têxteis, 400057
(917, Tintura para peles [peleteria], 400072
(918, Toalete de animais, 440131
(919, Toalete de animais de estimação, 440173
(920, Trabalho em couro, 400064
(921, Trabalhos em madeira, 400009
(922, Tracejamento a laser, 400086
(923, Tracejamento com laser, 400086
(924, Tradução, 410104
(925, Transcrição de comunicações [funções de escritório], 350045
(926, Transferência eletrônica de fundos, 360058
(927, Transmissão de arquivos digitais, 380047
(928, Transmissão de cartões de felicitações on line, 380046
(929, Transmissão de correio eletrônico, 380025
(930, Transmissão de mensagem, 380004
(931, Transmissão de mensagens e de imagens por meio de computador, 380024
(932, Transmissão de telegramas, 380006
(933, Transmissão de vídeo sob demanda, 380053
(934, Transmissão por fac-símile [fax], 380026
(935, Transmissão por satélite, 380035
(936, Transporte, 390048
(937, Transporte aéreo, 390004
(938, Transporte de móveis, 390047
(939, Transporte de passageiros, 390051
(940, Transporte de viajantes, 390063
(941, Transporte e armazenagem de detritos, 390064
(942, Transporte e armazenagem de lixo, 390064
(943, Transporte em embarcação para recreio, 390011
(944, Transporte ferroviário, 390018
(945, Transporte fluvial, 390037
(946, Transporte marítimo, 390061
(947, Transporte por ambulância, 390006
(948, Transporte por balsa, 390036
(949, Transporte por balsa, 390103
(950, Transporte por barco, 390049
(951, Transporte por bonde, 390059
(952, Transporte por bondes, 390059
(953, Transporte por caminhão, 390014
(954, Transporte por carro, 390009
(955, Transporte por carroças, 390017
(956, Transporte por carro-forte, 390062
(957, Transporte por oleoduto, 390041
(958, Transporte por ônibus, 390010
(959, Transporte por táxi, 390058
(960, Transporte, sob escolta, de valores, 390106
(961, Tratamento antiferrugem, 370037
(962, Tratamento antioxidante para veículos, 370082
(963, Tratamento antitraça para têxteis, 400059
(964, Tratamento antitraças para peles [peleteria], 400030
(965, Tratamento antivincos para roupas, 400038
(966, Tratamento de água, 400025
(967, Tratamento de lã, 400039
(968, Tratamento de lixo [transformação], 400097
(969, Tratamento de metal, 400042
(970, Tratamento de tecidos, 400058
(971, Tratamento de têxteis, 400058
(972, Tratamento para papel, 400061
(973, Tratamento, limpeza e conserto de couro, 370034
(974, Treinamento de animais, 410005
(975, Treinamento prático [demonstração], 410061
(976, Triagem de lixo e de material reciclável [transformação], 400116
(977, Upcycling [reciclagem de resíduos com a finalidade de transformá-los em novos materiais de maior valor ou qualidade, sem destruir-lhes a forma], 400124
(978, Urdidura [tear], 400046
(979, Venda de assinaturas de serviços de telecomunicações para terceiros, 350094
(980, Vendas de assinaturas de jornal [para terceiros], 350076
(981, Verificação de validade de cheque, 360053
(982, Vistoria de veículos automotores, 420195
(983, Vulcanização [tratamento de material], 400101
(984, Vulcanização de pneus [reparo], 370113
(